tweet_id,text,created_at,lang,user_id_hashed,retweet_count,like_count,comment_count,is_reply,reply_to_id,is_retweet,is_quote,urls,hashtags,mentions,media,text_cleaned,text_length,word_count,urls_count,hashtags_count,mentions_count,media_count,date,hour,day_of_week,total_engagement
1843669355395199039,"showhyuk unit pleaseeee
#shownu #MINHYUK",2024-10-08 15:06:00,en,36f111be52d9886c,0,1,0,False,,False,False,[],"[""#shownu"", ""#MINHYUK""]",[],[],showhyuk unit pleaseeee shownu minhyuk,38,5,0,2,0,0,2024-10-08,15,Tuesday,1
1841826995593744625,#Shownu is there a shownuxminhyuk unit? #MONSTA_X,2024-10-03 13:05:00,en,36f111be52d9886c,0,0,0,False,,False,False,[],"[""#Shownu"", ""#MONSTA_X""]",[],[],shownu is there a shownuxminhyuk unit? monstax,46,7,0,2,0,0,2024-10-03,13,Thursday,0
1680541773280563200,"Two favorites in one vid, any eng sub? 
#shownu #seolinah
piped.video/watch?v=i6gnpRKMâ€¦",2023-07-16 11:35:00,en,36f111be52d9886c,0,1,0,False,,False,False,"[""https://piped.video/watch?v=i6gnpRKMG1c&t=154s&ab_channel=%EB%B0%B1%EB%A7%8C%EB%B7%B0""]","[""#shownu"", ""#seolinah""]",[],[],"two favorites in one vid, any eng sub? shownu seolinah piped.videowatch?vi6gnprkm...",84,11,1,2,0,0,2023-07-16,11,Sunday,1
1670622738334232576,"Face cards.
 #ì…”ëˆ„ #SHOWNU #SHOWNUDAY #SeolInAh",2023-06-19 02:41:00,en,36f111be52d9886c,1,2,0,False,,False,False,[],"[""#ì…”ëˆ„"", ""#SHOWNU"", ""#SHOWNUDAY"", ""#SeolInAh""]",[],"[{""type"": ""image"", ""url"": ""https://nitter.net/pic/media%2FFy89VfwagAEmUUM.jpg%3Fname%3Dsmall%26format%3Dwebp"", ""alt"": """"}, {""type"": ""image"", ""url"": ""https://nitter.net/pic/media%2FFy8-CuZaMAERRcl.jpg%3Fname%3Dsmall%26format%3Dwebp"", ""alt"": """"}]",face cards. shownu shownuday seolinah,37,5,0,4,0,2,2023-06-19,2,Monday,3
1660465506518994944,"'íŒ¬ë“¤ì˜ ì—ë„ˆì§€ë¥¼ ëŠë‚„ ë•Œê°€ ê°€ì¥ í–‰ë³µí•œ ìˆœê°„ì´ì£ .' 

ì™œ ëª¬ìŠ¤íƒ€ì—‘ìŠ¤ë¡œ í™œë™í•˜ëŠ”ê°€ì— ëŒ€í•œ ë‹µì€ íŒ¬ë“¤ì„ ë§Œë‚  ë•Œë©´ ì„ ëª…í•´ì§‘ë‹ˆë‹¤. ìƒˆë¡œìš´ í˜¸í¡ê³¼ ë³´í­ ê·¸ë¦¬ê³  ë§ˆìŒê°€ì§. ê³¼ê±°ë„, ë¯¸ë˜ë„ ì•„ë‹Œ ì§€ê¸ˆ ì´ ìˆœê°„ì˜ ì…”ëˆ„ 

â–¶ï¸vogue.co.kr/?ddw=141403",2023-05-22 02:00:00,ko,36f111be52d9886c,0,12428,153,False,,True,False,"[""http://vogue.co.kr/?ddw=141403""]",[],[],"[{""type"": ""image"", ""url"": ""https://nitter.net/pic/media%2FFwshM11aUAAy8cl.jpg%3Fname%3Dsmall%26format%3Dwebp"", ""alt"": """"}, {""type"": ""image"", ""url"": ""https://nitter.net/pic/media%2FFwshNmeacAAt4bS.jpg%3Fname%3Dsmall%26format%3Dwebp"", ""alt"": """"}]","' .' . . , vogue.co.kr?ddw141403",32,6,1,0,0,2,2023-05-22,2,Monday,12581
1642172476473090048,"Every data science concept and tool is explained from scratch in this kaggle notebook repoğŸ”¥

If you are a beginner in data science then I can't recommend enough to start with this tutorial series.
kaggle.com/code/kanncaa1/datâ€¦",2023-04-01 14:30:00,en,36f111be52d9886c,0,625,6,False,,True,False,"[""https://www.kaggle.com/code/kanncaa1/data-sciencetutorial-for-beginners""]",[],[],"[{""type"": ""image"", ""url"": ""https://nitter.net/pic/media%2FFsorKboaYAAkCTD.jpg%3Fname%3Dsmall%26format%3Dwebp"", ""alt"": """"}]",every data science concept and tool is explained from scratch in this kaggle notebook repo if you are a beginner in data science then i can't recommend enough to start with this tutorial series. kaggle.comcodekanncaa1dat...,223,35,1,0,0,1,2023-04-01,14,Saturday,631
1636520270906425346,"#APRICOT2023 through the eyes of the @ApnicFoundation's Switch! program participants:
blog.apnic.net/2023/03/17/apâ€¦",2023-03-17 00:10:00,en,36f111be52d9886c,0,3,0,False,,True,False,"[""https://blog.apnic.net/2023/03/17/apricot-2023-through-the-eyes-of-switch-participants/""]","[""#APRICOT2023""]",[],[],apricot2023 through the eyes of the 's switch! program participants blog.apnic.net20230317ap...,95,11,1,1,0,0,2023-03-17,0,Friday,3
1614840139666313217,"svotd (shownu variety show of the day): video star #ì…”ëˆ„ 

alternately titled: shownu just wanting to promote dramarama in peace on his first solo talk show appearance only to end up fighting for his life",2023-01-16 04:21:00,en,36f111be52d9886c,0,534,2,False,,True,False,[],"[""#ì…”ëˆ„""]",[],[],svotd shownu variety show of the day video star alternately titled shownu just wanting to promote dramarama in peace on his first solo talk show appearance only to end up fighting for his life,192,34,0,1,0,0,2023-01-16,4,Monday,536
1576762779079348225,MONDAY MOTIVATION BY MIMIYUUUH! Youâ€™re welcome po! ğŸ¦–ğŸ¦–ğŸ¦–,2022-10-03 02:35:00,en,36f111be52d9886c,0,37116,291,False,,True,False,[],[],[],[],monday motivation by mimiyuuuh! youre welcome po!,49,7,0,0,0,0,2022-10-03,2,Monday,37407
1450837515032686596,timeline cleanse,2021-10-20 14:53:00,ro,36f111be52d9886c,0,13102,42,False,,True,False,[],[],[],[],timeline cleanse,16,2,0,0,0,0,2021-10-20,14,Wednesday,13144
1412413805473247237,Kapag lumabas yung #PanggaRemix bukas sa birthday ni Jah e di happy. Eyyy haha #KENTIN,2021-07-06 14:11:00,tl,36f111be52d9886c,0,0,0,False,,False,True,[],"[""#PanggaRemix"", ""#KENTIN""]",[],[],kapag lumabas yung panggaremix bukas sa birthday ni jah e di happy. eyyy haha kentin,84,15,0,2,0,0,2021-07-06,14,Tuesday,0
1412325057808900097,Triple kill. hahaha lels,2021-07-06 08:18:00,et,36f111be52d9886c,0,0,0,False,,False,True,[],[],[],[],triple kill. hahaha lels,24,4,0,0,0,0,2021-07-06,8,Tuesday,0
1412321292859052040,"Tara na sa premiere! piped.video/TtOzMulmYuo

TheJuans CokeStudioDay2
#PaubayaxHatidxHindiTayoPwede",2021-07-06 08:03:00,en,36f111be52d9886c,0,101,0,False,,True,False,"[""https://piped.video/TtOzMulmYuo""]","[""#PaubayaxHatidxHindiTayoPwede""]",[],[],tara na sa premiere! piped.videottozmulmyuo thejuans cokestudioday2 paubayaxhatidxhinditayopwede,96,8,1,1,0,0,2021-07-06,8,Tuesday,101
1375247886045212673,di pa nababakunahan ang mga dapat mabakunahan kasi may bakUNAHAN,2021-03-26 00:47:00,tl,36f111be52d9886c,0,3,0,False,,True,False,[],[],[],[],di pa nababakunahan ang mga dapat mabakunahan kasi may bakunahan,64,10,0,0,0,0,2021-03-26,0,Friday,3
1337406877303336960,#IStandWithNadine,2020-12-11 14:40:00,en,36f111be52d9886c,0,0,0,False,,False,True,[],"[""#IStandWithNadine""]",[],[],istandwithnadine,16,1,0,1,0,0,2020-12-11,14,Friday,0
1324252643066175488,"with shownu oppaa!
((aku ngga tau uname oppa yg shownu ğŸ˜­ğŸ˜­ğŸ˜­))",2020-11-05 07:30:00,id,36f111be52d9886c,0,1,1,False,,True,False,[],[],[],"[{""type"": ""image"", ""url"": ""https://nitter.net/pic/media%2FEmCwsseU4AAS02N.jpg%3Fname%3Dsmall%26format%3Dwebp"", ""alt"": """"}]",with shownu oppaa! aku ngga tau uname oppa yg shownu,52,10,0,0,0,1,2020-11-05,7,Thursday,2
1322560431756513281,#NadineXBjPascual,2020-10-31 15:25:00,ro,36f111be52d9886c,0,0,0,False,,False,True,[],"[""#NadineXBjPascual""]",[],"[{""type"": ""image"", ""url"": ""https://nitter.net/pic/media%2FElpuqA5U8AAcDbK.jpg%3Fname%3Dsmall%26format%3Dwebp"", ""alt"": """"}]",nadinexbjpascual,16,1,0,1,0,1,2020-10-31,15,Saturday,0
1322544211216879616,#NadineWDVisualAlbum,2020-10-31 14:21:00,id,36f111be52d9886c,1,1,0,False,,False,True,[],"[""#NadineWDVisualAlbum""]",[],[],nadinewdvisualalbum,19,1,0,1,0,0,2020-10-31,14,Saturday,2
1243113569631137793,Senate of the Philippines: Expel Koko Pimentel from the Senate and Charge Him with Violation of RA9271 and RA11332 - Sign the Petition! chng.it/xgKMK8ZJ via @ChangePilipinas,2020-03-26 09:52:00,en,36f111be52d9886c,0,0,0,False,,False,False,"[""http://chng.it/xgKMK8ZJ""]",[],[],[],senate of the philippines expel koko pimentel from the senate and charge him with violation of ra9271 and ra11332 - sign the petition! chng.itxgkmk8zj via,154,25,1,0,0,0,2020-03-26,9,Thursday,0
1181902128295616512,Want to see how Nadine Lustre faced her hesitations? Letâ€™s get #SeeWhatHappensNadine to 1K tweets to reveal her inspiring video!,2019-10-09 12:00:00,en,36f111be52d9886c,0,1807,96,False,,True,False,[],"[""#SeeWhatHappensNadine""]",[],[],want to see how nadine lustre faced her hesitations? lets get seewhathappensnadine to 1k tweets to reveal her inspiring video!,126,20,0,1,0,0,2019-10-09,12,Wednesday,1903
935445317364760578,#ì„¤ì¸ì•„ #ë¹„ë””ì˜¤ìŠ¤íƒ€ #SeolInAh #Shownu,2017-11-28 09:48:00,en,36f111be52d9886c,0,2,0,False,,True,False,[],"[""#ì„¤ì¸ì•„"", ""#ë¹„ë””ì˜¤ìŠ¤íƒ€"", ""#SeolInAh"", ""#Shownu""]",[],"[{""type"": ""image"", ""url"": ""https://nitter.net/pic/media%2FDPtei5GVoAAcmm-.jpg%3Fname%3Dsmall%26format%3Dwebp"", ""alt"": """"}]",seolinah shownu,15,2,0,4,0,1,2017-11-28,9,Tuesday,2
908859896866603008,"You have been so generous to me. I am so sorry for the many times I let you down.T_T
Though i dont deserve it please stay as my friend.. </3",2017-09-16 01:07:00,en,36f111be52d9886c,0,0,0,False,,False,False,[],[],[],[],you have been so generous to me. i am so sorry for the many times i let you down.tt though i dont deserve it please stay as my friend.. 3,137,30,0,0,0,0,2017-09-16,1,Saturday,0
875589142071042048,"LISTEN: @JayeHanash drops new single #CoolDown! #CoolDownbyJamesReid 

myxph.com/features/31780/lisâ€¦",2017-06-16 05:41:00,en,36f111be52d9886c,0,974,9,False,,True,False,"[""http://myxph.com/features/31780/listen-james-reid-drops-new-single-cool-down/""]","[""#CoolDown"", ""#CoolDownbyJamesReid""]",[],"[{""type"": ""image"", ""url"": ""https://nitter.net/pic/media%2FDCa3pELU0AAm4wn.jpg%3Fname%3Dsmall%26format%3Dwebp"", ""alt"": """"}]",listen drops new single cooldown! cooldownbyjamesreid myxph.comfeatures31780lis...,82,7,1,2,0,1,2017-06-16,5,Friday,983
847781455019352064,makikisakay po,2017-03-31 12:03:00,tl,36f111be52d9886c,0,0,0,False,,False,False,[],[],[],[],makikisakay po,14,2,0,0,0,0,2017-03-31,12,Friday,0
846719238685540354,ANG ARTE,2017-03-28 13:42:00,tl,36f111be52d9886c,0,0,0,False,,False,False,[],[],[],[],ang arte,8,2,0,0,0,0,2017-03-28,13,Tuesday,0
846204934051844096,Does she know by @KianaVee currently playing at rx93.1. :) classy... <3,2017-03-27 03:39:00,en,36f111be52d9886c,0,0,0,False,,False,False,[],[],[],[],does she know by currently playing at rx93.1. classy... 3,57,10,0,0,0,0,2017-03-27,3,Monday,0
843860254702030848,"Go @sam_concepcion and ms @MsLeaSalonga! :) 
#GlobeLive #IDareToDream",2017-03-20 16:22:00,en,36f111be52d9886c,0,0,0,False,,False,False,[],"[""#GlobeLive"", ""#IDareToDream""]",[],[],go and ms ! globelive idaretodream,34,6,0,2,0,0,2017-03-20,16,Monday,0
843800437992038401,I ain't playing with you #DarNadine,2017-03-20 12:24:00,en,36f111be52d9886c,0,110,1,False,,True,False,[],"[""#DarNadine""]",[],"[{""type"": ""image"", ""url"": ""https://nitter.net/pic/media%2FC7XIAb7U8AAzjP6.jpg%3Fname%3Dsmall%26format%3Dwebp"", ""alt"": """"}]",i ain't playing with you darnadine,34,6,0,1,0,1,2017-03-20,12,Monday,111
842742463047614465,Go @KianaVee!!,2017-03-17 14:20:00,sw,36f111be52d9886c,0,0,0,False,,False,True,[],[],[],[],go !!,5,2,0,0,0,0,2017-03-17,14,Friday,0
842738670042005505,Yey! Just watched @KianaVee's music vid!Uve got the moves girl! Watch it friends!:),2017-03-17 14:05:00,en,36f111be52d9886c,0,0,0,False,,False,False,[],[],[],[],yey! just watched 's music vid!uve got the moves girl! watch it friends!,72,13,0,0,0,0,2017-03-17,14,Friday,0
842715659213529088,It's out! Watch and Share!! Kiana Valenciano - Does She Know (Official Music Video) piped.video/watch?v=xx51P0Ifâ€¦,2017-03-17 12:34:00,en,36f111be52d9886c,0,168,1,False,,True,False,"[""https://piped.video/watch?v=xx51P0IffF4&feature=share""]",[],[],[],it's out! watch and share!! kiana valenciano - does she know official music video piped.videowatch?vxx51p0if...,111,15,1,0,0,0,2017-03-17,12,Friday,169
836225170511581185,Yung <3 ko naman.Kulang na lang si @hellobangsie fave people on earth ko na sana yung magkakasama! I love you guys! @JustSarahG @JayeHanash,2017-02-27 14:43:00,tl,36f111be52d9886c,0,0,0,False,,False,True,[],[],[],"[{""type"": ""image"", ""url"": ""https://nitter.net/pic/media%2FC5pFqRTVUAAdahJ.jpg%3Fname%3Dsmall%26format%3Dwebp"", ""alt"": """"}]",yung 3 ko naman.kulang na lang si fave people on earth ko na sana yung magkakasama! i love you guys!,100,20,0,0,0,1,2017-02-27,14,Monday,0
821719702971875328,Yung PAKAK na fierce look ni Ms Kelly at Iris!Intense na ito! <3 @kimsmolina @hellobangsie,2017-01-18 14:03:00,en,36f111be52d9886c,0,0,0,False,,False,False,[],[],[],[],yung pakak na fierce look ni ms kelly at iris!intense na ito! 3,63,13,0,0,0,0,2017-01-18,14,Wednesday,0
811008290100387840,E yung mapapatutok ka sa TV pag commercial na ni @JayeHanash. Maka-inom na nga lang ng Milo :),2016-12-20 00:40:00,tl,36f111be52d9886c,0,0,0,False,,False,False,[],[],[],[],e yung mapapatutok ka sa tv pag commercial na ni . maka-inom na nga lang ng milo,80,17,0,0,0,0,2016-12-20,0,Tuesday,0
571829609706102784,"I never thought you'd distract me. Now, stop.",2015-03-01 00:29:00,en,36f111be52d9886c,0,0,0,False,,False,False,[],[],[],[],"i never thought you'd distract me. now, stop.",45,8,0,0,0,0,2015-03-01,0,Sunday,0
541893571196895233,"This song's message and Sarah's life story. A match made in heaven. <3
#sarahgeronimo #TheGlowBySarah 
piped.video/watch?v=MHsRwP78â€¦",2014-12-08 09:54:00,en,36f111be52d9886c,5,5,0,False,,False,False,"[""https://piped.video/watch?v=MHsRwP789ko&feature=piped.video""]","[""#sarahgeronimo"", ""#TheGlowBySarah""]",[],[],this song's message and sarah's life story. a match made in heaven. 3 sarahgeronimo theglowbysarah piped.videowatch?vmhsrwp78...,128,16,1,2,0,0,2014-12-08,9,Monday,10
536908739748446208,"In YOUR time Lord, in YOUR time.",2014-11-24 15:46:00,en,36f111be52d9886c,0,0,0,False,,False,False,[],[],[],[],"in your time lord, in your time.",32,7,0,0,0,0,2014-11-24,15,Monday,0
533605711670833152,@aubzome @yanimagus @markschist e di june o july? para may time pa ko para magpapayat.hahaha lels,2014-11-15 13:01:00,tl,36f111be52d9886c,0,0,1,False,,False,False,[],[],[],[],e di june o july? para may time pa ko para magpapayat.hahaha lels,65,13,0,0,0,0,2014-11-15,13,Saturday,1
528813706239438848,oh how i love @edsheeran :),2014-11-02 07:39:00,en,36f111be52d9886c,0,0,0,False,,False,False,[],[],[],[],oh how i love,13,4,0,0,0,0,2014-11-02,7,Sunday,0
516063928539820032,@kuagelo CUTE!!:)),2014-09-28 03:16:00,so,36f111be52d9886c,0,0,0,False,,False,False,[],[],[],[],cute!!,6,1,0,0,0,0,2014-09-28,3,Sunday,0
513505549703344128,"Emma Watson to men: Gender equality is your issue, too by @AyeeMacaraig fr NYC rappler.com/world/regions/usâ€¦ @rapplerdotcom",2014-09-21 01:50:00,en,36f111be52d9886c,0,77,0,False,,True,False,"[""http://www.rappler.com/world/regions/us-canada/69726-emma-watson-gender-equality""]",[],[],"[{""type"": ""image"", ""url"": ""https://nitter.net/pic/media%2FByBWk59CcAE6xH3.jpg%3Fname%3Dsmall%26format%3Dwebp"", ""alt"": """"}]","emma watson to men gender equality is your issue, too by fr nyc rappler.comworldregionsus...",92,14,1,0,0,1,2014-09-21,1,Sunday,77
511857828500238336,MTV EMA 2014 :: 9.11.2014 :: Glasgow :: Vote - Best Southeast Asia Act asia.mtvema.com/vote?categorâ€¦,2014-09-16 12:43:00,en,36f111be52d9886c,0,0,0,False,,False,False,"[""http://asia.mtvema.com/vote?category=best-southeast-asia&answerId=rletr2&utm=share_twitter""]",[],[],[],mtv ema 2014 9.11.2014 glasgow vote - best southeast asia act asia.mtvema.comvote?categor...,92,12,1,0,0,0,2014-09-16,12,Tuesday,0
495587727916560384,@aubzome Ay wow! Galingan mo dyan ate.,2014-08-02 15:11:00,tl,36f111be52d9886c,0,0,0,False,,False,False,[],[],[],[],ay wow! galingan mo dyan ate.,29,6,0,0,0,0,2014-08-02,15,Saturday,0
491088632279601152,Sana sumayaw si Darren at @JustSarahG sa finals for the win! :) #Lyca #Darren #TeamSarah :)) @TheDARRENatics,2014-07-21 05:13:00,en,36f111be52d9886c,8,14,1,False,,False,False,[],"[""#Lyca"", ""#Darren"", ""#TeamSarah""]",[],[],sana sumayaw si darren at sa finals for the win! lyca darren teamsarah,70,13,0,3,0,0,2014-07-21,5,Monday,23
490851238460669956,Happy Birthday Coach Sarah. @JustSarahG,2014-07-20 13:30:00,id,36f111be52d9886c,0,0,0,False,,False,False,[],[],[],[],happy birthday coach sarah.,27,4,0,0,0,0,2014-07-20,13,Sunday,0
490504183410200578,Ang galing ni @imespantodarren #TVKDarrenForFinal,2014-07-19 14:31:00,tl,36f111be52d9886c,0,0,0,False,,False,False,[],"[""#TVKDarrenForFinal""]",[],[],ang galing ni tvkdarrenforfinal,31,4,0,1,0,0,2014-07-19,14,Saturday,0
425808498199257090,@aubzome @yanimagus E yung may naiyak habang nanonood ng bride for rent. hahaha no judgment. <3,2014-01-22 01:53:00,tl,36f111be52d9886c,0,0,0,False,,False,False,[],[],[],[],e yung may naiyak habang nanonood ng bride for rent. hahaha no judgment. 3,74,14,0,0,0,0,2014-01-22,1,Wednesday,0
399697036083093504,@aubzome @yanimagus @baracoma @baniVSwild HAHAHA kaylangan ko bang masanay na sa pagfaflash ng tyan once in a while? @_@,2013-11-11 00:36:00,tl,36f111be52d9886c,0,0,1,False,,False,False,[],[],[],[],hahaha kaylangan ko bang masanay na sa pagfaflash ng tyan once in a while?,74,14,0,0,0,0,2013-11-11,0,Monday,1
391464098241581056,@kuagelo YOU!,2013-10-19 07:21:00,so,36f111be52d9886c,0,0,0,False,,False,False,[],[],[],[],you!,4,1,0,0,0,0,2013-10-19,7,Saturday,0
346459216858451968,@kuagelo Got it kuya!:)),2013-06-17 02:48:00,tl,36f111be52d9886c,0,0,0,False,,False,False,[],[],[],[],got it kuya!,12,3,0,0,0,0,2013-06-17,2,Monday,0
345782499466694656,@kuagelo Welcome kuyagel!! send me the pics!!!,2013-06-15 05:59:00,en,36f111be52d9886c,0,0,0,False,,False,False,[],[],[],[],welcome kuyagel!! send me the pics!!!,37,6,0,0,0,0,2013-06-15,5,Saturday,0
324470065481256960,@kuagelo uwi ka na!!,2013-04-17 10:31:00,sw,36f111be52d9886c,0,0,0,False,,False,False,[],[],[],[],uwi ka na!!,11,3,0,0,0,0,2013-04-17,10,Wednesday,0
315142425461006337,I'm tired. I'm down. And I'm scared.,2013-03-22 16:46:00,en,36f111be52d9886c,0,0,0,False,,False,False,[],[],[],[],i'm tired. i'm down. and i'm scared.,36,7,0,0,0,0,2013-03-22,16,Friday,0
315131266125144064,@aubzome hihihihihihihihihihi <3,2013-03-22 16:02:00,sw,36f111be52d9886c,0,0,0,False,,False,False,[],[],[],[],hihihihihihihihihihi 3,22,2,0,0,0,0,2013-03-22,16,Friday,0
315129954004242433,@aubzome So inspired ka na niyan? :))),2013-03-22 15:56:00,tl,36f111be52d9886c,0,0,0,False,,False,False,[],[],[],[],so inspired ka na niyan?,24,5,0,0,0,0,2013-03-22,15,Friday,0
315129521110151169,@aubzome nagbabago tayo ng usapan? HAHAHA,2013-03-22 15:55:00,tl,36f111be52d9886c,0,0,0,False,,False,False,[],[],[],[],nagbabago tayo ng usapan? hahaha,32,5,0,0,0,0,2013-03-22,15,Friday,0
315124779541753856,@aubzome coffee and karlo.hahahahaha:),2013-03-22 15:36:00,so,36f111be52d9886c,0,0,0,False,,False,False,[],[],[],[],coffee and karlo.hahahahaha,27,3,0,0,0,0,2013-03-22,15,Friday,0
299893568586256384,@kuagelo you emo person! :p,2013-02-08 14:52:00,es,36f111be52d9886c,0,0,0,False,,False,False,[],[],[],[],you emo person! p,17,4,0,0,0,0,2013-02-08,14,Friday,0
286649963461607425,@kuagelo Is this for something you're gonna buy kuagelo?,2013-01-03 01:47:00,en,36f111be52d9886c,0,0,0,False,,False,False,[],[],[],[],is this for something you're gonna buy kuagelo?,47,8,0,0,0,0,2013-01-03,1,Thursday,0
286114598212468736,Forgive yourself and begin again. ^_^,2013-01-01 14:20:00,en,36f111be52d9886c,0,0,0,False,,False,False,[],[],[],[],forgive yourself and begin again.,33,5,0,0,0,0,2013-01-01,14,Tuesday,0
285780902146084864,@kuagelo wala po akong load. Happy New Year kuagelo!!!!!!! ^_^,2012-12-31 16:14:00,tl,36f111be52d9886c,0,0,0,False,,False,False,[],[],[],[],wala po akong load. happy new year kuagelo!!!!!!!,49,8,0,0,0,0,2012-12-31,16,Monday,0
283563534250565632,@kuagelo @aubzome yung sabi mo. excuse me.. 'namin' hahaha merry christmas po kuagelo!,2012-12-25 13:23:00,tl,36f111be52d9886c,0,0,0,False,,False,False,[],[],[],[],yung sabi mo. excuse me.. 'namin' hahaha merry christmas po kuagelo!,68,11,0,0,0,0,2012-12-25,13,Tuesday,0
282808741101965312,@kuagelo  @aubzome nakakainis to si kuagelo.walang pakisama.,2012-12-23 11:23:00,tl,36f111be52d9886c,0,0,0,False,,False,False,[],[],[],[],nakakainis to si kuagelo.walang pakisama.,41,5,0,0,0,0,2012-12-23,11,Sunday,0
282155573691174913,@aubzome @markschist wow ha.. :p,2012-12-21 16:08:00,en,36f111be52d9886c,0,0,1,False,,False,False,[],[],[],[],wow ha.. p,10,3,0,0,0,0,2012-12-21,16,Friday,1
278918713028276224,@kuagelo Hindi ka na nagreply. anyway. your call. gnyt,2012-12-12 17:46:00,tl,36f111be52d9886c,0,0,0,False,,False,False,[],[],[],[],hindi ka na nagreply. anyway. your call. gnyt,45,8,0,0,0,0,2012-12-12,17,Wednesday,0
270044028622491648,@aubzome @kuagelo HAHA tingnan natin ang galing mo..kung magiging elite programmer ka na rin ba katulad namin..HAHAHA :),2012-11-18 06:01:00,tl,36f111be52d9886c,0,0,0,False,,False,False,[],[],[],[],haha tingnan natin ang galing mo..kung magiging elite programmer ka na rin ba katulad namin..hahaha,99,15,0,0,0,0,2012-11-18,6,Sunday,0
266519324481687553,wala nang natuloy na plano. #ewankosainyo,2012-11-08 12:35:00,tl,36f111be52d9886c,0,0,0,False,,False,False,[],"[""#ewankosainyo""]",[],[],wala nang natuloy na plano. ewankosainyo,40,6,0,1,0,0,2012-11-08,12,Thursday,0
263610621189296130,"@kuagelo Kuya gelo! Are you proud of me?? pwede na ko programmer! 
Graduate na rin po ako!!:))",2012-10-31 11:57:00,hr,36f111be52d9886c,0,0,0,False,,False,False,[],[],[],[],kuya gelo! are you proud of me?? pwede na ko programmer! graduate na rin po ako!!,81,16,0,0,0,0,2012-10-31,11,Wednesday,0
261841355762978816,@kuagelo HAHA di pa kuya! gusto ko lang sabihin na nung may sakit ka. I worked hard. real hard.,2012-10-26 14:46:00,tl,36f111be52d9886c,0,0,0,False,,False,False,[],[],[],[],haha di pa kuya! gusto ko lang sabihin na nung may sakit ka. i worked hard. real hard.,86,18,0,0,0,0,2012-10-26,14,Friday,0
260640546261975040,@kuagelo Imma tell you pala I got 80 and 95 for my MP1 and MP2 e.hahaha,2012-10-23 07:15:00,en,36f111be52d9886c,0,0,0,False,,False,False,[],[],[],[],imma tell you pala i got 80 and 95 for my mp1 and mp2 e.hahaha,62,15,0,0,0,0,2012-10-23,7,Tuesday,0
260025033794134016,@kuagelo kuya gelo!,2012-10-21 14:29:00,so,36f111be52d9886c,0,0,0,False,,False,False,[],[],[],[],kuya gelo!,10,2,0,0,0,0,2012-10-21,14,Sunday,0
257334062438547456,@aubzome wow.congrats aubs!!,2012-10-14 04:16:00,en,36f111be52d9886c,0,0,0,False,,False,False,[],[],[],[],wow.congrats aubs!!,19,2,0,0,0,0,2012-10-14,4,Sunday,0
252407336847687680,"@aubzome Sorry.,:(",2012-09-30 13:59:00,en,36f111be52d9886c,0,0,0,False,,False,False,[],[],[],[],"sorry.,",7,1,0,0,0,0,2012-09-30,13,Sunday,0
252290432753614848,@kuagelo Ok ka na kuyagelo?,2012-09-30 06:15:00,sw,36f111be52d9886c,0,0,0,False,,False,False,[],[],[],[],ok ka na kuyagelo?,18,4,0,0,0,0,2012-09-30,6,Sunday,0
249880940208324608,"ate @aubzome wag na u manood, mahal pala yung tix e..",2012-09-23 14:40:00,tl,36f111be52d9886c,0,0,0,False,,False,False,[],[],[],[],"ate wag na u manood, mahal pala yung tix e..",44,10,0,0,0,0,2012-09-23,14,Sunday,0
249867311736053760,ate @thebaYANI !,2012-09-23 13:46:00,en,36f111be52d9886c,0,0,0,False,,False,False,[],[],[],[],ate !,5,2,0,0,0,0,2012-09-23,13,Sunday,0
249412846000160768,@aubzome grabe tong mambash. hinay hinay lang ate..:),2012-09-22 07:40:00,tl,36f111be52d9886c,0,0,0,False,,False,False,[],[],[],[],grabe tong mambash. hinay hinay lang ate..,42,7,0,0,0,0,2012-09-22,7,Saturday,0
249368038330228737,@aubzome our well deserved sleep.:),2012-09-22 04:42:00,nl,36f111be52d9886c,0,0,0,False,,False,False,[],[],[],[],our well deserved sleep.,24,4,0,0,0,0,2012-09-22,4,Saturday,0
249180698978709504,@aubzome hahahaha,2012-09-21 16:18:00,so,36f111be52d9886c,0,0,0,False,,False,False,[],[],[],[],hahahaha,8,1,0,0,0,0,2012-09-21,16,Friday,0
249100075173822464,@aubzome anmeron?,2012-09-21 10:57:00,en,36f111be52d9886c,0,0,0,False,,False,False,[],[],[],[],anmeron?,8,1,0,0,0,0,2012-09-21,10,Friday,0
248987991589130240,@aubzome @churchilgermain stress na ba mga teh? APIR!!,2012-09-21 03:32:00,en,36f111be52d9886c,0,0,1,False,,False,False,[],[],[],[],stress na ba mga teh? apir!!,28,6,0,0,0,0,2012-09-21,3,Friday,1
247321759764852737,Mahal ko lang talaga si Sarah G kaya ako natutuwa. pero di na nakakatuwa ang Sarah G Live.:(,2012-09-16 13:11:00,tl,36f111be52d9886c,0,0,0,False,,False,False,[],[],[],[],mahal ko lang talaga si sarah g kaya ako natutuwa. pero di na nakakatuwa ang sarah g live.,90,18,0,0,0,0,2012-09-16,13,Sunday,0
247162223733137409,:( SOS!!!!,2012-09-16 02:37:00,de,36f111be52d9886c,0,0,0,False,,False,False,[],[],[],[],sos!!!!,7,1,0,0,0,0,2012-09-16,2,Sunday,0
245172219217596417,bahala na si batman.,2012-09-10 14:49:00,tl,36f111be52d9886c,0,0,1,False,,False,False,[],[],[],[],bahala na si batman.,20,4,0,0,0,0,2012-09-10,14,Monday,1
244670020611891200,This day when I realized that happy endings are for dreamers.,2012-09-09 05:34:00,en,36f111be52d9886c,0,0,0,False,,False,False,[],[],[],[],this day when i realized that happy endings are for dreamers.,61,11,0,0,0,0,2012-09-09,5,Sunday,0
244662205000335360,Boom! Ang talino mo talaga Mia!!!!!!!!!!!!!!!!!!!!!!!!!!!!!!!!!^_^,2012-09-09 05:03:00,tl,36f111be52d9886c,0,0,0,False,,False,False,[],[],[],[],boom! ang talino mo talaga mia!!!!!!!!!!!!!!!!!!!!!!!!!!!!!!!!!,63,6,0,0,0,0,2012-09-09,5,Sunday,0
242427146381950976,ate @aubzome !whazzap?? morning!!!,2012-09-03 01:01:00,en,36f111be52d9886c,0,0,1,False,,False,False,[],[],[],[],ate !whazzap?? morning!!!,25,3,0,0,0,0,2012-09-03,1,Monday,1
242426841200209921,love ko si @markschist! hahaha :p morning buddy!,2012-09-03 01:00:00,en,36f111be52d9886c,0,0,0,False,,False,False,[],[],[],[],love ko si ! hahaha p morning buddy!,36,8,0,0,0,0,2012-09-03,1,Monday,0
241886675544993792,@kuagelo bakit mo sinunog kuya? yaw mo na?,2012-09-01 13:14:00,tl,36f111be52d9886c,0,0,0,False,,False,False,[],[],[],[],bakit mo sinunog kuya? yaw mo na?,33,7,0,0,0,0,2012-09-01,13,Saturday,0
241867150804021248,@kuagelo Nge.kuya.di mo pa nasisend.Magsastart pa lang ako,2012-09-01 11:56:00,tl,36f111be52d9886c,0,0,0,False,,False,False,[],[],[],[],nge.kuya.di mo pa nasisend.magsastart pa lang ako,49,7,0,0,0,0,2012-09-01,11,Saturday,0
240492116973858817,@aubzome @juli0v Ano bah? Nakakairitah.#whatsupwiththat,2012-08-28 16:52:00,id,36f111be52d9886c,0,0,0,False,,False,False,[],"[""#whatsupwiththat""]",[],[],ano bah? nakakairitah.whatsupwiththat,37,3,0,1,0,0,2012-08-28,16,Tuesday,0
240474289529290752,@aubzome kaya pala tahimik kanina. Nage-enjoy. Judging you!!!,2012-08-28 15:41:00,tl,36f111be52d9886c,0,0,0,False,,False,False,[],[],[],[],kaya pala tahimik kanina. nage-enjoy. judging you!!!,52,7,0,0,0,0,2012-08-28,15,Tuesday,0
240462615778844672,Di ko na magets 'tong kinocode ko. ^_^ Pero malalaman ko rin 'to. Dahil magaling ako! \m/,2012-08-28 14:55:00,tl,36f111be52d9886c,0,0,0,False,,False,False,[],[],[],[],di ko na magets 'tong kinocode ko. pero malalaman ko rin 'to. dahil magaling ako! m,83,16,0,0,0,0,2012-08-28,14,Tuesday,0
240450011152912384,@kuagelo sabi ko kaya most days ayaw mo palampasin! :p,2012-08-28 14:05:00,tl,36f111be52d9886c,0,0,0,False,,False,False,[],[],[],[],sabi ko kaya most days ayaw mo palampasin! p,44,9,0,0,0,0,2012-08-28,14,Tuesday,0
240444616225206272,@kuagelo hahaha most days you don't,2012-08-28 13:43:00,so,36f111be52d9886c,0,0,0,False,,False,False,[],[],[],[],hahaha most days you don't,26,5,0,0,0,0,2012-08-28,13,Tuesday,0
240393557184225280,@aubzome wow english. Haha,2012-08-28 10:21:00,en,36f111be52d9886c,0,0,0,False,,False,False,[],[],[],[],wow english. haha,17,3,0,0,0,0,2012-08-28,10,Tuesday,0
239887655750488065,@kuagelo hahaha. :p joke lang koia. yaya mode?,2012-08-27 00:50:00,sw,36f111be52d9886c,0,0,0,False,,False,False,[],[],[],[],hahaha. p joke lang koia. yaya mode?,36,7,0,0,0,0,2012-08-27,0,Monday,0
239885184529481729,@kuagelo tsktsk gusto mo na naman matouch kuya gel.. :p,2012-08-27 00:40:00,tl,36f111be52d9886c,0,0,0,False,,False,False,[],[],[],[],tsktsk gusto mo na naman matouch kuya gel.. p,45,9,0,0,0,0,2012-08-27,0,Monday,0
239342845872459776,@aubzome aubs!!!!!!!!!!!!,2012-08-25 12:45:00,fr,36f111be52d9886c,0,0,0,False,,False,False,[],[],[],[],aubs!!!!!!!!!!!!,16,1,0,0,0,0,2012-08-25,12,Saturday,0
239300677946441730,@kuagelo kuya.. pano mo po nahipan yung ulo mo? hmm amazing.,2012-08-25 09:58:00,tl,36f111be52d9886c,0,0,0,False,,False,False,[],[],[],[],kuya.. pano mo po nahipan yung ulo mo? hmm amazing.,51,10,0,0,0,0,2012-08-25,9,Saturday,0
239281486510051329,@aubzome Ayoko. I have classmates kasi. haha,2012-08-25 08:42:00,et,36f111be52d9886c,0,0,0,False,,False,False,[],[],[],[],ayoko. i have classmates kasi. haha,35,6,0,0,0,0,2012-08-25,8,Saturday,0
239276557145870336,@aubzome wag ka na sumama.gusto kong mapagisa sa bday ko~! lol,2012-08-25 08:22:00,tl,36f111be52d9886c,0,0,0,False,,False,False,[],[],[],[],wag ka na sumama.gusto kong mapagisa sa bday ko! lol,52,10,0,0,0,0,2012-08-25,8,Saturday,0
239264343118725120,@aubzome LOL :p Ayoko nga! wala akong pangfield trip pag lumabas ako ngayon.haha,2012-08-25 07:33:00,tl,36f111be52d9886c,0,0,0,False,,False,False,[],[],[],[],lol p ayoko nga! wala akong pangfield trip pag lumabas ako ngayon.haha,70,12,0,0,0,0,2012-08-25,7,Saturday,0
239261985097789440,@aubzome hahahaha :p wag kang BI! I have net din e.. ^_^,2012-08-25 07:24:00,tl,36f111be52d9886c,0,0,0,False,,False,False,[],[],[],[],hahahaha p wag kang bi! i have net din e..,42,10,0,0,0,0,2012-08-25,7,Saturday,0
239260808050257920,@aubzome HAHAHA :p,2012-08-25 07:19:00,sk,36f111be52d9886c,0,0,0,False,,False,False,[],[],[],[],hahaha p,8,2,0,0,0,0,2012-08-25,7,Saturday,0
238743875039158272,@kuagelo Paalis ka na ng inyong bahay? Ingat!morning!,2012-08-23 21:05:00,tl,36f111be52d9886c,0,0,0,False,,False,False,[],[],[],[],paalis ka na ng inyong bahay? ingat!morning!,44,7,0,0,0,0,2012-08-23,21,Thursday,0
238743660106219520,morning @markschist! punta ka na!,2012-08-23 21:04:00,tl,36f111be52d9886c,0,0,1,False,,False,False,[],[],[],[],morning ! punta ka na!,22,5,0,0,0,0,2012-08-23,21,Thursday,1
238743550274179072,@aubzome morning ate!,2012-08-23 21:04:00,en,36f111be52d9886c,0,0,0,False,,False,False,[],[],[],[],morning ate!,12,2,0,0,0,0,2012-08-23,21,Thursday,0
238522753920147456,@aubzome wag kang abusado!hahaha LOL pwede rin.,2012-08-23 06:27:00,tl,36f111be52d9886c,0,0,0,False,,False,False,[],[],[],[],wag kang abusado!hahaha lol pwede rin.,38,6,0,0,0,0,2012-08-23,6,Thursday,0
238506728784814081,@aubzome @thebaYANI @markschist @kuagelo HAHAHAHAHA ang hopeless neto. Di kita sasamahan sa malamig na gabi kung hindi kita labs!haha,2012-08-23 05:23:00,tl,36f111be52d9886c,0,0,0,False,,False,False,[],[],[],[],hahahahaha ang hopeless neto. di kita sasamahan sa malamig na gabi kung hindi kita labs!haha,92,15,0,0,0,0,2012-08-23,5,Thursday,0
238504217927626752,I <3 my friends. @thebaYANI @aubzome @markschist @kuagelo,2012-08-23 05:13:00,en,36f111be52d9886c,1,0,0,False,,False,False,[],[],[],[],i 3 my friends.,15,4,0,0,0,0,2012-08-23,5,Thursday,1
238504056690200576,@aubzome Alumni. haha benta. :p kung sa org yan.baka mapagkamalan ka pang isa sa founders. :p,2012-08-23 05:12:00,tl,36f111be52d9886c,0,0,0,False,,False,False,[],[],[],[],alumni. haha benta. p kung sa org yan.baka mapagkamalan ka pang isa sa founders. p,82,15,0,0,0,0,2012-08-23,5,Thursday,0
238503839534305280,@kuagelo mahirap yan.. haha sa'yo.:p,2012-08-23 05:12:00,id,36f111be52d9886c,0,0,0,False,,False,False,[],[],[],[],mahirap yan.. haha sa'yo.p,26,4,0,0,0,0,2012-08-23,5,Thursday,0
238289535434387457,Ang kyut ko!!! Shet! Shet! Shet! Shet!,2012-08-22 15:00:00,sq,36f111be52d9886c,0,0,0,False,,False,False,[],[],[],[],ang kyut ko!!! shet! shet! shet! shet!,38,7,0,0,0,0,2012-08-22,15,Wednesday,0
237752813176889344,RIP Sec Robredo,2012-08-21 03:27:00,es,36f111be52d9886c,0,0,0,False,,False,False,[],[],[],[],rip sec robredo,15,3,0,0,0,0,2012-08-21,3,Tuesday,0
237725795446050816,@kuagelo Official na ba? san mo nakitang news kuya?,2012-08-21 01:40:00,tl,36f111be52d9886c,0,0,0,False,,False,False,[],[],[],[],official na ba? san mo nakitang news kuya?,42,8,0,0,0,0,2012-08-21,1,Tuesday,0
237709257758371840,@kuagelo Where are you kuya gelo?,2012-08-21 00:34:00,so,36f111be52d9886c,0,0,0,False,,False,False,[],[],[],[],where are you kuya gelo?,24,5,0,0,0,0,2012-08-21,0,Tuesday,0
237431102078328832,@aubzome patulog pa lang ako..haha 4 na ko punta dyan teaubs! waits for me.:),2012-08-20 06:09:00,tl,36f111be52d9886c,0,0,0,False,,False,False,[],[],[],[],patulog pa lang ako..haha 4 na ko punta dyan teaubs! waits for me.,66,13,0,0,0,0,2012-08-20,6,Monday,0
236814294539436032,Let us continue praying for Sec Robredo's safety.,2012-08-18 13:18:00,en,36f111be52d9886c,0,0,0,False,,False,False,[],[],[],[],let us continue praying for sec robredo's safety.,49,8,0,0,0,0,2012-08-18,13,Saturday,0
235849300834390016,@aubzome @nakiTheGrappler @thebaYANI haynako. mga walang pag-ibig. buti pa kami ni ate yani..may lovelife.HAHAHAHAHAHA,2012-08-15 21:23:00,tl,36f111be52d9886c,0,0,1,False,,False,False,[],[],[],[],haynako. mga walang pag-ibig. buti pa kami ni ate yani..may lovelife.hahahahahaha,81,11,0,0,0,0,2012-08-15,21,Wednesday,1
235020329959952384,Sometimes you don't get what you want because life has something better waiting for you.,2012-08-13 14:29:00,en,36f111be52d9886c,0,57,0,False,,True,False,[],[],[],[],sometimes you don't get what you want because life has something better waiting for you.,88,15,0,0,0,0,2012-08-13,14,Monday,57
234723476915777536,@aubzome hahahaha ^_^ nafish ka naman.ahihihi,2012-08-12 18:50:00,so,36f111be52d9886c,0,0,0,False,,False,False,[],[],[],[],hahahaha nafish ka naman.ahihihi,32,4,0,0,0,0,2012-08-12,18,Sunday,0
234722727829843968,@aubzome hahaha. sobrang defensive ko lang. haha pordat. ayoko na pakinggan. :p,2012-08-12 18:47:00,tl,36f111be52d9886c,0,0,0,False,,False,False,[],[],[],[],hahaha. sobrang defensive ko lang. haha pordat. ayoko na pakinggan. p,69,11,0,0,0,0,2012-08-12,18,Sunday,0
234720853928050689,@aubzome hang arte. hano daw? ^_^ Nakita mo lang si ano may mga ganito ka ng status.. nako,2012-08-12 18:39:00,tl,36f111be52d9886c,0,0,0,False,,False,False,[],[],[],[],hang arte. hano daw? nakita mo lang si ano may mga ganito ka ng status.. nako,77,16,0,0,0,0,2012-08-12,18,Sunday,0
234558213721317376,@aubzome hala.. kinaila ako. LOOL laughing out out loud.hahah,2012-08-12 07:53:00,tl,36f111be52d9886c,0,0,0,False,,False,False,[],[],[],[],hala.. kinaila ako. lool laughing out out loud.hahah,52,8,0,0,0,0,2012-08-12,7,Sunday,0
234357912796004352,@aubzome haha I know what you did last night!:p,2012-08-11 18:37:00,en,36f111be52d9886c,0,0,0,False,,False,False,[],[],[],[],haha i know what you did last night!p,37,8,0,0,0,0,2012-08-11,18,Saturday,0
234200319146459138,@kuagelo penge po. ^_^,2012-08-11 08:11:00,no,36f111be52d9886c,0,0,0,False,,False,False,[],[],[],[],penge po.,9,2,0,0,0,0,2012-08-11,8,Saturday,0
232098079304720384,@aubzome HAHAHAHA.. napaIloveyou ka rin ba dati? Nyahahahaha,2012-08-05 12:57:00,tl,36f111be52d9886c,0,0,0,False,,False,False,[],[],[],[],hahahaha.. napailoveyou ka rin ba dati? nyahahahaha,51,7,0,0,0,0,2012-08-05,12,Sunday,0
230322014412492801,@kuagelo hokay kokey:p,2012-07-31 15:20:00,so,36f111be52d9886c,0,0,0,False,,False,False,[],[],[],[],hokay kokeyp,12,2,0,0,0,0,2012-07-31,15,Tuesday,0
230318068281249792,@kuagelo ^_^ hindi ka dalawa.malaki ka lang!,2012-07-31 15:04:00,tl,36f111be52d9886c,0,0,0,False,,False,False,[],[],[],[],hindi ka dalawa.malaki ka lang!,31,5,0,0,0,0,2012-07-31,15,Tuesday,0
230317576482332673,@kuagelo so nasan na?,2012-07-31 15:02:00,tl,36f111be52d9886c,0,0,0,False,,False,False,[],[],[],[],so nasan na?,12,3,0,0,0,0,2012-07-31,15,Tuesday,0
230313401623130112,@kuagelo ay.bakit  mo kausap sarili mo kuagelo? hmmm...,2012-07-31 14:46:00,tl,36f111be52d9886c,0,0,0,False,,False,False,[],[],[],[],ay.bakit mo kausap sarili mo kuagelo? hmmm...,45,7,0,0,0,0,2012-07-31,14,Tuesday,0
227414266708369409,"@kuagelo kuya, gising pa u?",2012-07-23 14:46:00,tl,36f111be52d9886c,0,0,0,False,,False,False,[],[],[],[],"kuya, gising pa u?",18,4,0,0,0,0,2012-07-23,14,Monday,0
226300211855777792,wala kang trabaho bukas di ba? @kuagelo,2012-07-20 12:59:00,id,36f111be52d9886c,0,0,0,False,,False,False,[],[],[],[],wala kang trabaho bukas di ba?,30,6,0,0,0,0,2012-07-20,12,Friday,0
225734051787599872,Today is the day!! @kuagelo! wcm ko!!!,2012-07-18 23:29:00,so,36f111be52d9886c,0,0,0,False,,False,False,[],[],[],[],today is the day!! ! wcm ko!!!,30,7,0,0,0,0,2012-07-18,23,Wednesday,0
225560771441065984,"sawang sawa na kong magisa!:'( minsan,katulad ngayon, gusto ko rin ng kasama.",2012-07-18 12:00:00,tl,36f111be52d9886c,0,0,0,False,,False,False,[],[],[],[],"sawang sawa na kong magisa!' minsan,katulad ngayon, gusto ko rin ng kasama.",75,12,0,0,0,0,2012-07-18,12,Wednesday,0
225254770183639040,wala kasi akong pera pangbig and tasty mo. kaya di ako nagpapakita. miss ko si @markschist . ^_^,2012-07-17 15:44:00,tl,36f111be52d9886c,0,1,1,False,,False,False,[],[],[],[],wala kasi akong pera pangbig and tasty mo. kaya di ako nagpapakita. miss ko si .,80,16,0,0,0,0,2012-07-17,15,Tuesday,2
225247142502088704,@kuagelo Kuya! I so earn that Venti WCM!:)),2012-07-17 15:14:00,en,36f111be52d9886c,0,0,0,False,,False,False,[],[],[],[],kuya! i so earn that venti wcm!,31,7,0,0,0,0,2012-07-17,15,Tuesday,0
224458399897759746,wants to claim my free white chocolate mocha from @kuagelo :),2012-07-15 11:00:00,en,36f111be52d9886c,0,0,0,False,,False,False,[],[],[],[],wants to claim my free white chocolate mocha from,49,9,0,0,0,0,2012-07-15,11,Sunday,0
223633092731084800,"No expectation. No direction. No love.
Just flirting. #JF",2012-07-13 04:20:00,en,36f111be52d9886c,1,1,2,False,,False,False,[],"[""#JF""]",[],[],no expectation. no direction. no love. just flirting. jf,56,9,0,1,0,0,2012-07-13,4,Friday,4
223577086609211393,Gagana ka today. :),2012-07-13 00:38:00,so,36f111be52d9886c,0,0,0,False,,False,False,[],[],[],[],gagana ka today.,16,3,0,0,0,0,2012-07-13,0,Friday,0
223435435454631937,Manlilibre ako kapag gumana ang bagong design ng thesis ko.:),2012-07-12 15:15:00,tl,36f111be52d9886c,0,0,0,False,,False,False,[],[],[],[],manlilibre ako kapag gumana ang bagong design ng thesis ko.,59,10,0,0,0,0,2012-07-12,15,Thursday,0
223192010931179521,Hindi ako uuwi nang walang progress! :),2012-07-11 23:08:00,tl,36f111be52d9886c,0,0,0,False,,False,False,[],[],[],[],hindi ako uuwi nang walang progress!,36,6,0,0,0,0,2012-07-11,23,Wednesday,0
223191239103754240,@aubzome @markschist wow.. kayaYaman ng mga kaibigan ko!:p,2012-07-11 23:05:00,tl,36f111be52d9886c,0,0,0,False,,False,False,[],[],[],[],wow.. kayayaman ng mga kaibigan ko!p,36,6,0,0,0,0,2012-07-11,23,Wednesday,0
222715003680198657,@aubzome HAHA Hayo ko na makihati. Sayo na please... :P,2012-07-10 15:32:00,tl,36f111be52d9886c,0,0,0,False,,False,False,[],[],[],[],haha hayo ko na makihati. sayo na please... p,45,9,0,0,0,0,2012-07-10,15,Tuesday,0
222713049834979329,@aubzome Ang lande ng kapatid ko. #AubreyFaithMella (HAHA Labo),2012-07-10 15:25:00,tl,36f111be52d9886c,0,0,0,False,,False,False,[],"[""#AubreyFaithMella""]",[],[],ang lande ng kapatid ko. aubreyfaithmella haha labo,51,8,0,1,0,0,2012-07-10,15,Tuesday,0
222677744683724801,Is determined to be happy and to make other people happy.^_^  #YourPrettyClown,2012-07-10 13:04:00,en,36f111be52d9886c,0,0,0,False,,False,False,[],"[""#YourPrettyClown""]",[],[],is determined to be happy and to make other people happy. yourprettyclown,73,12,0,1,0,0,2012-07-10,13,Tuesday,0
222665412016488448,Tiwala. :),2012-07-10 12:15:00,sw,36f111be52d9886c,0,0,0,False,,False,False,[],[],[],[],tiwala.,7,1,0,0,0,0,2012-07-10,12,Tuesday,0
222655914002489344,"Someday, I'd remind you this day.",2012-07-10 11:38:00,en,36f111be52d9886c,0,0,0,False,,False,False,[],[],[],[],"someday, i'd remind you this day.",33,6,0,0,0,0,2012-07-10,11,Tuesday,0
222332876367208451,@kuagelo Too many simulations to run. So little time.,2012-07-09 14:14:00,en,36f111be52d9886c,0,0,0,False,,False,False,[],[],[],[],too many simulations to run. so little time.,44,8,0,0,0,0,2012-07-09,14,Monday,0
222177928555921408,@aubzome @markschist May 'I'm' kasi dapat yun. 'I'm not the easiest person to love.' Hmp.:p,2012-07-09 03:58:00,en,36f111be52d9886c,0,0,1,False,,False,False,[],[],[],[],may 'i'm' kasi dapat yun. 'i'm not the easiest person to love.' hmp.p,69,13,0,0,0,0,2012-07-09,3,Monday,1
222160697537216512,Not the easiest person to love.,2012-07-09 02:50:00,en,36f111be52d9886c,0,0,0,False,,False,False,[],[],[],[],not the easiest person to love.,31,6,0,0,0,0,2012-07-09,2,Monday,0
222148554054049793,Claim it and it's yours!:),2012-07-09 02:01:00,en,36f111be52d9886c,0,0,1,False,,False,False,[],[],[],[],claim it and it's yours!,24,5,0,0,0,0,2012-07-09,2,Monday,1
221973225528246272,Mag-aaral para sayo. :) Nako. Nako. Saktong inspirasyon lang.,2012-07-08 14:25:00,tl,36f111be52d9886c,0,0,0,False,,False,False,[],[],[],[],mag-aaral para sayo. nako. nako. saktong inspirasyon lang.,58,8,0,0,0,0,2012-07-08,14,Sunday,0
221866639250046976,I am a walking virus. ^_^,2012-07-08 07:21:00,af,36f111be52d9886c,0,0,0,False,,False,False,[],[],[],[],i am a walking virus.,21,5,0,0,0,0,2012-07-08,7,Sunday,0
221866132360011777,"@aubzome HAHA Zero skills? Wala na ngang talent, skills din? HAHAHA joke lang teh. :p",2012-07-08 07:19:00,sv,36f111be52d9886c,0,0,0,False,,False,False,[],[],[],[],"haha zero skills? wala na ngang talent, skills din? hahaha joke lang teh. p",75,14,0,0,0,0,2012-07-08,7,Sunday,0
221841949559230464,@aubzome LANDE ko. K.,2012-07-08 05:43:00,lt,36f111be52d9886c,0,0,0,False,,False,False,[],[],[],[],lande ko. k.,12,3,0,0,0,0,2012-07-08,5,Sunday,0
221818474404651008,I'm tired of being alone so hurry up and get here. #emo @markschist @thebaYANI,2012-07-08 04:10:00,en,36f111be52d9886c,0,0,1,False,,False,False,[],"[""#emo""]",[],[],i'm tired of being alone so hurry up and get here. emo,54,12,0,1,0,0,2012-07-08,4,Sunday,1
221810600362262530,Pwede bang excuse sa absent ang heartache? @markschist @thebaYANI @kuagelo,2012-07-08 03:39:00,en,36f111be52d9886c,0,0,2,False,,False,False,[],[],[],[],pwede bang excuse sa absent ang heartache?,42,7,0,0,0,0,2012-07-08,3,Sunday,2
221792202211328000,@kuagelo Ok. I don't have load though. :),2012-07-08 02:25:00,en,36f111be52d9886c,0,0,1,False,,False,False,[],[],[],[],ok. i don't have load though.,29,6,0,0,0,0,2012-07-08,2,Sunday,1
221788213189152768,@kuagelo Yes po.:),2012-07-08 02:10:00,sl,36f111be52d9886c,0,0,0,False,,False,False,[],[],[],[],yes po.,7,2,0,0,0,0,2012-07-08,2,Sunday,0
221779688933179392,@kuagelo salamat kuya! :),2012-07-08 01:36:00,tl,36f111be52d9886c,0,0,0,False,,False,False,[],[],[],[],salamat kuya!,13,2,0,0,0,0,2012-07-08,1,Sunday,0
221767253740363776,awfully unwell but is not allowed to stop. @_@,2012-07-08 00:46:00,en,36f111be52d9886c,0,0,1,False,,False,False,[],[],[],[],awfully unwell but is not allowed to stop.,42,8,0,0,0,0,2012-07-08,0,Sunday,1
221612567389413376,So happy to have an AWESOME OH SO OHZOM bestfriend. @kuagelo,2012-07-07 14:32:00,en,36f111be52d9886c,0,0,0,False,,False,False,[],[],[],[],so happy to have an awesome oh so ohzom bestfriend.,51,10,0,0,0,0,2012-07-07,14,Saturday,0
221456663805304832,GagamBarney! HAHAHAHA Sobrang benta.,2012-07-07 04:12:00,id,36f111be52d9886c,0,0,0,False,,False,False,[],[],[],[],gagambarney! hahahaha sobrang benta.,36,4,0,0,0,0,2012-07-07,4,Saturday,0
221276480238395394,Alam ko na ang feeling kapag chinecheckan ang paper ko. Lalo na yung walang sagot.HAHA,2012-07-06 16:16:00,tl,36f111be52d9886c,0,0,0,False,,False,False,[],[],[],[],alam ko na ang feeling kapag chinecheckan ang paper ko. lalo na yung walang sagot.haha,86,15,0,0,0,0,2012-07-06,16,Friday,0
221241609948364802,Saturday is 198 day. :),2012-07-06 13:58:00,so,36f111be52d9886c,0,0,0,False,,False,False,[],[],[],[],saturday is 198 day.,20,4,0,0,0,0,2012-07-06,13,Friday,0
221224023202349058,my heart skips a beat. and skip. and skip.. and skip..,2012-07-06 12:48:00,en,36f111be52d9886c,0,0,0,False,,False,False,[],[],[],[],my heart skips a beat. and skip. and skip.. and skip..,54,11,0,0,0,0,2012-07-06,12,Friday,0
221183729857597440,@kuagelo HALA. wala kang pera kuya? Wala na. WCM ko!!!:p,2012-07-06 10:08:00,tl,36f111be52d9886c,0,0,0,False,,False,False,[],[],[],[],hala. wala kang pera kuya? wala na. wcm ko!!!p,46,9,0,0,0,0,2012-07-06,10,Friday,0
221060758073647104,"Advice ni inay: 'Mia, matulog ka.' #YesMa",2012-07-06 01:59:00,tl,36f111be52d9886c,0,0,0,False,,False,False,[],"[""#YesMa""]",[],[],"advice ni inay 'mia, matulog ka.' yesma",39,7,0,1,0,0,2012-07-06,1,Friday,0
220838341128622080,@kuagelo Joke lang. ^_^ Go home and be happy 'cause you have so many reasons why you should be. haha,2012-07-05 11:15:00,en,36f111be52d9886c,0,0,0,False,,False,False,[],[],[],[],joke lang. go home and be happy 'cause you have so many reasons why you should be. haha,87,18,0,0,0,0,2012-07-05,11,Thursday,0
220835014789697537,@kuagelo This is just sad. Go find friends kuya. :),2012-07-05 11:02:00,en,36f111be52d9886c,0,0,0,False,,False,False,[],[],[],[],this is just sad. go find friends kuya.,39,8,0,0,0,0,2012-07-05,11,Thursday,0
220828511773003776,@kuagelo You're still here Sunday? Can we meet in SM Megamall. Please help me buy stuffs for a project. :),2012-07-05 10:36:00,en,36f111be52d9886c,0,0,0,False,,False,False,[],[],[],[],you're still here sunday? can we meet in sm megamall. please help me buy stuffs for a project.,94,18,0,0,0,0,2012-07-05,10,Thursday,0
220827517127360512,@kuagelo Can you give it to me afternoon? I have to meet a friend in the morning. :),2012-07-05 10:32:00,en,36f111be52d9886c,0,0,0,False,,False,False,[],[],[],[],can you give it to me afternoon? i have to meet a friend in the morning.,72,16,0,0,0,0,2012-07-05,10,Thursday,0
220826466693292033,@kuagelo Go home kuya Gelo! :) When will you give me your stuffs?,2012-07-05 10:28:00,en,36f111be52d9886c,0,0,0,False,,False,False,[],[],[],[],go home kuya gelo! when will you give me your stuffs?,53,11,0,0,0,0,2012-07-05,10,Thursday,0
220750301009936384,@aubzome ay ganon ba yun? Lahat ng gawa sa KANIN KAKANIN? PAK. ewan ko ah..,2012-07-05 05:25:00,tl,36f111be52d9886c,0,0,0,False,,False,False,[],[],[],[],ay ganon ba yun? lahat ng gawa sa kanin kakanin? pak. ewan ko ah..,66,14,0,0,0,0,2012-07-05,5,Thursday,0
220747334219337728,@aubzome kakanin ba ang champorado? hmm. Haydontthinkso.,2012-07-05 05:14:00,tl,36f111be52d9886c,0,0,0,False,,False,False,[],[],[],[],kakanin ba ang champorado? hmm. haydontthinkso.,47,6,0,0,0,0,2012-07-05,5,Thursday,0
220626040354123777,"Going back to making journals. 
:)",2012-07-04 21:12:00,en,36f111be52d9886c,0,0,0,False,,False,False,[],[],[],[],going back to making journals.,30,5,0,0,0,0,2012-07-04,21,Wednesday,0
220504183168700417,TAMA NA. TAMA NA. TAMA NA.#tengenedis,2012-07-04 13:07:00,en,36f111be52d9886c,0,0,0,False,,False,False,[],"[""#tengenedis""]",[],[],tama na. tama na. tama na.tengenedis,36,6,0,1,0,0,2012-07-04,13,Wednesday,0
220483765644967936,@aubzome tae lang ang nagtatago sa cr.:),2012-07-04 11:46:00,tl,36f111be52d9886c,0,0,0,False,,False,False,[],[],[],[],tae lang ang nagtatago sa cr.,29,6,0,0,0,0,2012-07-04,11,Wednesday,0
220476027527372800,@_@ Stop. Stop. Stop. Stop. @_@,2012-07-04 11:15:00,en,36f111be52d9886c,0,0,0,False,,False,False,[],[],[],[],stop. stop. stop. stop.,23,4,0,0,0,0,2012-07-04,11,Wednesday,0
220368553407283200,@_@ Stop. Stop. Stop. Stop.Stop. @_@,2012-07-04 04:08:00,en,36f111be52d9886c,0,0,0,False,,False,False,[],[],[],[],stop. stop. stop. stop.stop.,28,4,0,0,0,0,2012-07-04,4,Wednesday,0
220164935198580736,"Stop thy heart and Love thyself more.
#NoteToSelf",2012-07-03 14:39:00,en,36f111be52d9886c,0,0,0,False,,False,False,[],"[""#NoteToSelf""]",[],[],stop thy heart and love thyself more. notetoself,48,8,0,1,0,0,2012-07-03,14,Tuesday,0
220149700202999808,"kung pwedeng pigilan, kung pwedeng tigilan.
ipipikit na lang nang hindi na matingnan.",2012-07-03 13:39:00,tl,36f111be52d9886c,0,0,0,False,,False,False,[],[],[],[],"kung pwedeng pigilan, kung pwedeng tigilan. ipipikit na lang nang hindi na matingnan.",85,13,0,0,0,0,2012-07-03,13,Tuesday,0
220123308014841856,Ang pag-ibig ang sisira sa kinabukasan.,2012-07-03 11:54:00,tl,36f111be52d9886c,0,0,1,False,,False,False,[],[],[],[],ang pag-ibig ang sisira sa kinabukasan.,39,6,0,0,0,0,2012-07-03,11,Tuesday,1
219813854560006146,@aubzome Ops! I have to re-evaluate my tweets then. hmp. shh.. :p,2012-07-02 15:24:00,en,36f111be52d9886c,0,0,0,False,,False,False,[],[],[],[],ops! i have to re-evaluate my tweets then. hmp. shh.. p,55,11,0,0,0,0,2012-07-02,15,Monday,0
219811299180298240,@aubzome sis! para maraming mag-fall.. :p,2012-07-02 15:14:00,tl,36f111be52d9886c,0,0,0,False,,False,False,[],[],[],[],sis! para maraming mag-fall.. p,31,5,0,0,0,0,2012-07-02,15,Monday,0
219809351853015042,Smile. You'll never know who's falling in love with it. ^_^,2012-07-02 15:06:00,en,36f111be52d9886c,0,0,0,False,,False,False,[],[],[],[],smile. you'll never know who's falling in love with it.,55,10,0,0,0,0,2012-07-02,15,Monday,0
219732816517267456,@kuagelo arte.. Sobrang arte.,2012-07-02 10:02:00,no,36f111be52d9886c,0,0,0,False,,False,False,[],[],[],[],arte.. sobrang arte.,20,3,0,0,0,0,2012-07-02,10,Monday,0
219728094649532416,"White Chocolate Mocha!!!!!!!!!!
</3",2012-07-02 09:43:00,en,36f111be52d9886c,0,0,0,False,,False,False,[],[],[],[],white chocolate mocha!!!!!!!!!! 3,33,4,0,0,0,0,2012-07-02,9,Monday,0
219634214717493250,"Pinuri ako ng crush ko today!!!!

Magdiwang!!! :p",2012-07-02 03:30:00,tl,36f111be52d9886c,0,0,0,False,,False,False,[],[],[],[],pinuri ako ng crush ko today!!!! magdiwang!!! p,47,8,0,0,0,0,2012-07-02,3,Monday,0
219609065687482368,@kuagelo bitter ka lang.kasi di kita tinag.. :p,2012-07-02 01:50:00,id,36f111be52d9886c,0,0,0,False,,False,False,[],[],[],[],bitter ka lang.kasi di kita tinag.. p,37,7,0,0,0,0,2012-07-02,1,Monday,0
219607544153387009,"I know I'm pretty so I don't have to worry. :)

Mantra natin mga teh! @aubzome @thebaYANI",2012-07-02 01:44:00,en,36f111be52d9886c,1,0,0,False,,False,False,[],[],[],[],i know i'm pretty so i don't have to worry. mantra natin mga teh!,65,14,0,0,0,0,2012-07-02,1,Monday,1
219596800951201794,"Dahil wala ka pa sa EEE, hindi rin muna ko pupunta. :) haha *wink",2012-07-02 01:02:00,sw,36f111be52d9886c,0,0,0,False,,False,False,[],[],[],[],"dahil wala ka pa sa eee, hindi rin muna ko pupunta. haha wink",61,13,0,0,0,0,2012-07-02,1,Monday,0
219460488050909184,@aubzome Playing with forgotten emotions.,2012-07-01 16:00:00,en,36f111be52d9886c,0,0,0,False,,False,False,[],[],[],[],playing with forgotten emotions.,32,4,0,0,0,0,2012-07-01,16,Sunday,0
219441203773583360,@aubzome waw. favorite person mo ko? really? Haha I deserve pasalubong then..,2012-07-01 14:43:00,en,36f111be52d9886c,0,0,0,False,,False,False,[],[],[],[],waw. favorite person mo ko? really? haha i deserve pasalubong then..,68,11,0,0,0,0,2012-07-01,14,Sunday,0
219386546002989057,@aubzome :) hindi ate. You look zombie-an. haha You look zombie-an.,2012-07-01 11:06:00,nl,36f111be52d9886c,0,0,0,False,,False,False,[],[],[],[],hindi ate. you look zombie-an. haha you look zombie-an.,55,9,0,0,0,0,2012-07-01,11,Sunday,0
